<?xml version="1.0" encoding="UTF-8"?>
<xsl:stylesheet version="1.0"
	xmlns:xsl="http://www.w3.org/1999/XSL/Transform">
	<xsl:template match="/">
		<SchoolOfApplicants>
			<Header>
				<CurrentDate>
					<xsl:value-of   select="substring(current-dateTime(),1,10)"/>
				</CurrentDate>
				<Records>
					<xsl:value-of   select="count(/fish)"/>
				</Records>
			</Header>
			<xsl:for-each select="/fish">
				<Fish>
					<Name>
						<xsl:value-of   select="./firstName"/><xsl:text>&#x20;</xsl:text>
						<xsl:value-of   select="./lastName"/>
					</Name>
					<DOB>
						<xsl:value-of   select="substring(./dateOfBirth,1,10)"/>
					</DOB>
					<Type>
						<xsl:value-of   select="translate(./classification,'_',' ')"/>
					</Type>
					<xsl:for-each select="./addresses">
						<Address>
							<xsl:attribute name="home">
								<xsl:value-of select="./home"/>
							</xsl:attribute>
							<Ocean>
								<xsl:value-of   select="./ocean"/>
							</Ocean>
							<Reef>
								<xsl:value-of   select="./reef"/>
							</Reef>
							<Depth>
								<xsl:value-of   select="./depth"/>
							</Depth>
						</Address>
					</xsl:for-each>
				</Fish>
			</xsl:for-each>
		</SchoolOfApplicants>
	</xsl:template>
</xsl:stylesheet>